See You Again,https://youtu.be/RgKAFK5djSk
Fractures,https://youtu.be/ZCu2gwLj9ok
Rumors,https://youtu.be/kXptPzKNMq4
Infinity,https://youtu.be/PWqEPKduGm8
Love me like you do,https://youtu.be/AJtDXIazrMo
Breakdown,https://youtu.be/CyD8hAjj8L8
Cheat Codes Sober,https://youtu.be/uODX-okCMX0
End of the Night,https://youtu.be/GvB3OzTicQo
We Won't be alone,https://youtu.be/Wj_spsP8vFM
Cold blooded love,https://youtu.be/VFBTWg1vI6E
Nobody Compares to you,https://youtu.be/QjihRb2E-YA
Lost sky dreams,https://youtu.be/L7kF4MXXCoA
Where we started,https://youtu.be/gV8RL2xcmaQ
Pretty girl,https://youtu.be/WEFJnYMz0Ec
Don't let me down,https://youtu.be/Io0fBr1XBUA
Say goodbye,https://youtu.be/rdD-DMTWqU4
Hall of fame,https://youtu.be/mk48xRzuNvA
Days like these,https://youtu.be/NVLpJBGVfSw
Play Date,https://youtu.be/kknKs7cAcO8
Gori tame manda lidha mohi raj,https://youtu.be/pGG_Zosn-qo
Natu natu,https://youtu.be/sAzlWScHTc4
Mast magan,https://youtu.be/xitd9mEZIHk
Rang sharbaton ka,https://youtu.be/RBCk1SyC1PA
Deva Deva,https://youtu.be/mNuhKUOD_A0
Saami Saami,https://youtu.be/vdY5SFZBgnk
Tera yaar hoon main,https://youtu.be/EatzcaVJRMs
Channa ve,https://youtu.be/Fz2U880YW0o
